entity_type,matched_player,matched_keyword,source,subreddit,author,text,permalink,created_utc
player,A. J. Hinch,A. J. Hinch,reddit_post,baseball,pixieSteak,Postseason Managerial Report Cards: Aaron Boone and A.J. Hinch,https://reddit.com/r/baseball/comments/1o7ktht/postseason_managerial_report_cards_aaron_boone/,2025-10-15T19:34:49+00:00
player,A. J. Hinch,A. J. Hinch,reddit_comment,baseball,PsychologicalLynx350,Here before the tigers fans come in to bitch about AJ Hinch like he himself went 0-6 in an elimination game,https://reddit.com/r/baseball/comments/1o7ktht/postseason_managerial_report_cards_aaron_boone/njoh1xl/,2025-10-15T20:04:54+00:00
player,A. J. Hinch,A. J. Hinch,reddit_comment,baseball,pixieSteak,[Archive link](https://archive.ph/FEtXK),https://reddit.com/r/baseball/comments/1o7ktht/postseason_managerial_report_cards_aaron_boone/njobipo/,2025-10-15T19:37:22+00:00
player,A. J. Hinch,A. J. Hinch,reddit_comment,baseball,TheZooBoy,"As someone who believes that Aaron Boone is actually a good manager, seeing this is so vindicating.",https://reddit.com/r/baseball/comments/1o7ktht/postseason_managerial_report_cards_aaron_boone/njoekbr/,2025-10-15T19:52:36+00:00
player,A. J. Hinch,A. J. Hinch,reddit_comment,baseball,stereoreal2,"I thought Hinch managed super well against the Mariners, but every time I saw Tigers fans posting, they said he was horrible. So I have no clue.",https://reddit.com/r/baseball/comments/1o7ktht/postseason_managerial_report_cards_aaron_boone/njozwss/,2025-10-15T21:43:01+00:00
player,A. J. Hinch,A. J. Hinch,reddit_comment,baseball,wxyz51,The only thing I disagree with is praising Hinch for keeping Jones & Perez on the bench all 15 innings. Jones had been getting big hits this postseason and Perez was a staple of our lineup all season. I would have liked him replacing Keith and Meadows once they showed they weren't getting it done that game.,https://reddit.com/r/baseball/comments/1o7ktht/postseason_managerial_report_cards_aaron_boone/njohfpr/,2025-10-15T20:06:50+00:00
player,A. J. Hinch,A. J. Hinch,reddit_comment,baseball,WhyNotOrioles,"I get that Skubal determines how far Skubal can pitch, but one more inning out of him in Game 5 might have made the difference. Instead the bullpen gave up the tying run when asked to bridge Skubal and Vest. Still, when you have 15 innings to score one more run, it's hard to blame pitching decisions that only cost one run.",https://reddit.com/r/baseball/comments/1o7ktht/postseason_managerial_report_cards_aaron_boone/njow0p9/,2025-10-15T21:21:42+00:00
player,A. J. Hinch,A. J. Hinch,reddit_comment,baseball,postal_service3,"Can't agree with Hinch getting an A+ for batting. Outside of Game 4, no one other than Carpenter was able to consistently do any damage. Especially once Game 5 hit extras he should've been throwing every available bat out there to try and generate something. Feel like this article somehow gives him a pass for his lineup going cold and him not doing anything about it other than bumping Carpenter up.",https://reddit.com/r/baseball/comments/1o7ktht/postseason_managerial_report_cards_aaron_boone/njp83jd/,2025-10-15T22:30:11+00:00
player,A. J. Hinch,A. J. Hinch,reddit_comment,baseball,standuptripl3,C+ is generous for Hinch,https://reddit.com/r/baseball/comments/1o7ktht/postseason_managerial_report_cards_aaron_boone/njoce4v/,2025-10-15T19:41:46+00:00
player,A. J. Hinch,A. J. Hinch,reddit_post,Orioles,jawarren1,"Orioles Manager Options - Former World Series Winning Managers Edition I thought it was worth taking a look at the Orioles' options for their next Manager by taking a looking at World Series-winning Managers who are still active in baseball. Personally, I think hiring a Manager who's won a World Series (as a Manager) will help get the Orioles over the hump and get some Postseason wins. |Name|World Series Wins|Current Job| |:-|:-|:-| |Dave Roberts|2020, 2024|Dodgers Manager| |Bruce Bochy|2010, 2012, 2014, 2023|Former Rangers Manager (2025)| |Dusty Baker|2022|Giants Executive| |Brian Snitker|2021|Former Atlanta Manager (2025)| |Dave Martinez|2019|Former Nats Manager (2025)| |Alex Cora|2018|Red Sox Manager| |A.J. Hinch|2017|Tigers Manager| |Joe Maddon|2016|Retired| |Ned Yost|2015|Royals Executive| |John Farrell|2013|Reds Scout| |Tony La Russa|1989, 2006, 2011|Retired| |Joe Girardi|2009|Yankees Broadcaster| |Charlie Manuel|2008|Phillies Executive| |Terry Francona|2004, 2007|Reds Manager| |Ozzie Guillen|2005|White Sox Broadcaster| |Jack McKeon|2003|Retired (94 years old)| |Mike Scioscia|2002|Retired / USA Baseball Manager| |Bob Brenly|2001|Dbacks Broadcaster| |Joe Torre|1996, 1998, 1999, 2000|MLB Executive| |Jim Leyland|1997|Tigers Executive| |Bobby Cox|1995|Retired| |Cito Gaston|1992, 1993|Blue Jays Executive| |Tom Kelly|1987, 1991|Twins Executive| |Lou Piniella|1990|Retired|",https://reddit.com/r/orioles/comments/1o7er1s/orioles_manager_options_former_world_series/,2025-10-15T15:50:28+00:00
player,A. J. Hinch,A. J. Hinch,reddit_comment,Orioles,93195,"Some of those guys are in their 80s, others are currently managers in much more attractive organizations than Baltimore. Besides, chasing past success is no sure formula anyways. Look at the last guy on your list, the 82 year old Lou Piniella. The Mariners hired him in 1993, based on his past success. His Mariners teams had peak Ken Griffey Jr, A-Rod, Edgar Martinez, Randy Johnson and tons of other talent. The 2001 team holds the record for most regular season wins with 116. And none of those teams even went to the World Series, never mind won it. Chasing past success usually doesn’t work. Find someone young, hungry, willing to work their ass off, relates to players and can draw the best out of them.",https://reddit.com/r/orioles/comments/1o7er1s/orioles_manager_options_former_world_series/njn58cr/,2025-10-15T16:08:31+00:00
player,A. J. Hinch,A. J. Hinch,reddit_comment,Orioles,parkedon33rd,Imagine the fan reaction if they hire Cito,https://reddit.com/r/orioles/comments/1o7er1s/orioles_manager_options_former_world_series/njn6dg6/,2025-10-15T16:14:12+00:00
player,A. J. Hinch,A. J. Hinch,reddit_comment,Orioles,UsErNaMeS_aR_DuMb,"Bro, if we actually hired Lou Pinella of all people, I’d honestly watch more games just for the novelty of watching someone try to manage a Major League Baseball team at the goddamned age of 82.",https://reddit.com/r/orioles/comments/1o7er1s/orioles_manager_options_former_world_series/njn8jfe/,2025-10-15T16:25:03+00:00
player,A. J. Hinch,A. J. Hinch,reddit_comment,Orioles,Last13th,Lou and Ozzie are former Orioles! That should be qualification enough. /s,https://reddit.com/r/orioles/comments/1o7er1s/orioles_manager_options_former_world_series/njnzvm8/,2025-10-15T18:39:13+00:00
player,A. J. Hinch,A. J. Hinch,reddit_comment,Orioles,triviajason,lol Jack McKeon is 94!,https://reddit.com/r/orioles/comments/1o7er1s/orioles_manager_options_former_world_series/njn8zrk/,2025-10-15T16:27:19+00:00
player,A. J. Hinch,A. J. Hinch,reddit_comment,Orioles,LetterAggressive6085,"I know next to nothing about Zach Britton, but I can help thinking he could be kind of a “Weaver in 1968” option? Young guy, came up through our system, has managed many of our young core already. I wonder what Adley, Gunnar, et al, would say about ZB behind closed doors.",https://reddit.com/r/orioles/comments/1o7er1s/orioles_manager_options_former_world_series/njngg47/,2025-10-15T17:04:02+00:00
player,A. J. Hinch,A. J. Hinch,reddit_comment,Orioles,Cheap_Concentrate_85,I wonder if the game has passed by Gerardi and Maddon. I want a guy who can develop the core. The o’s need better hitting coaches. I also want our owner to open his wallet and go balls to the wall on pitching.,https://reddit.com/r/orioles/comments/1o7er1s/orioles_manager_options_former_world_series/njnmnbt/,2025-10-15T17:34:02+00:00
player,A. J. Hinch,A. J. Hinch,reddit_comment,Orioles,ryry9379,I just had a heart attack at the thought of hiring Tony La Russa to manage this team.,https://reddit.com/r/orioles/comments/1o7er1s/orioles_manager_options_former_world_series/njsgkfe/,2025-10-16T13:11:05+00:00
player,A. J. Hinch,A. J. Hinch,reddit_comment,Orioles,summerof66,You forgot Ron Washington,https://reddit.com/r/orioles/comments/1o7er1s/orioles_manager_options_former_world_series/njxdrfi/,2025-10-17T05:51:34+00:00
player,A. J. Hinch,A. J. Hinch,reddit_comment,Orioles,JermGlad89,Right so out of this list here are the guys who could be interested in managing again: Bochy - Probably going back to SF if he still wants to manage Dusty - Would probably never mesh with this FO so I think that alone rules him out. Dave Martinez - Meh Joe Girardi - Meh Snitker and Maddon both retired. And everyone else is over 80. So is getting a WS winning manager really a must?,https://reddit.com/r/orioles/comments/1o7er1s/orioles_manager_options_former_world_series/njopsai/,2025-10-15T20:48:58+00:00
player,A. J. Hinch,A. J. Hinch,reddit_comment,Orioles,baltimorecalling,Off of that list? John Farrell.,https://reddit.com/r/orioles/comments/1o7er1s/orioles_manager_options_former_world_series/njn3je1/,2025-10-15T16:00:07+00:00
player,A. J. Hinch,A. J. Hinch,reddit_comment,Orioles,dustinferrare,None of these guys are going to be our next skipper. Bochy is maybe the only one. But I’d love for them to make an offer to Pujols. If not maybe we just stay with Mansalino,https://reddit.com/r/orioles/comments/1o7er1s/orioles_manager_options_former_world_series/nk5w1ao/,2025-10-18T16:31:22+00:00
player,A. J. Hinch,A. J. Hinch,reddit_comment,Orioles,TripsLLL,i like the Luis Rojas interview,https://reddit.com/r/orioles/comments/1o7er1s/orioles_manager_options_former_world_series/njnniv6/,2025-10-15T17:38:14+00:00
player,A. J. Hinch,A. J. Hinch,reddit_post,motorcitykitties,mkk4,[Jeff Seidel]A.J. Hinch is committed to the Detroit Tigers for the long haul. Here's how he has done it Archived version below: https://archive.ph/2025.10.19-104156/https://www.freep.com/story/sports/columnists/jeff-seidel/2025/10/19/a-j-hinch-now-a-michigander-and-he-knows-what-matters-a-world-series/86725835007/,https://reddit.com/r/motorcitykitties/comments/1oatofx/jeff_seidelaj_hinch_is_committed_to_the_detroit/,2025-10-19T16:15:00+00:00
player,A. J. Hinch,A. J. Hinch,reddit_comment,motorcitykitties,jewllybeenz,"Hate him all you like, but if we fire him there’s a 99% chance the new guy won’t be as good. Hopefully AJ can become the next legendary tigers manager",https://reddit.com/r/motorcitykitties/comments/1oatofx/jeff_seidelaj_hinch_is_committed_to_the_detroit/nkby9kv/,2025-10-19T16:40:11+00:00
player,A. J. Hinch,A. J. Hinch,reddit_comment,motorcitykitties,WhoAreYouTalkinTwo,Let’s go! Looking forward to the coming years. Genuinely excited,https://reddit.com/r/motorcitykitties/comments/1oatofx/jeff_seidelaj_hinch_is_committed_to_the_detroit/nkbtqv9/,2025-10-19T16:18:04+00:00
player,A. J. Hinch,A. J. Hinch,reddit_comment,motorcitykitties,CutiePie0023,"Let’s go!!!! AJ brings out the best in this team, we got to the playoffs the last 2 years in a row. - we didn’t get where we wanted to be (the World Series) but that in itself is a huge accomplishment Also to the people who don’t like AJ here, do you realize how many teams would pick him up in a heartbeat??",https://reddit.com/r/motorcitykitties/comments/1oatofx/jeff_seidelaj_hinch_is_committed_to_the_detroit/nkbvxyz/,2025-10-19T16:28:50+00:00
player,A. J. Hinch,A. J. Hinch,reddit_comment,motorcitykitties,Appleton86,He’s going to pass Leyland for longevity as a Tiger and he might even approach Sparky. Wouldn’t be surprised if his name goes on the brick wall one day.,https://reddit.com/r/motorcitykitties/comments/1oatofx/jeff_seidelaj_hinch_is_committed_to_the_detroit/nkc1tlq/,2025-10-19T16:57:20+00:00
player,A. J. Hinch,A. J. Hinch,reddit_comment,motorcitykitties,rdubwiley,"Half this subreddit hates Hinch (and wants to pretend like it's 1970 and we ride out pitchers for 140 pitches), but it's very good for the org that we have a good manager who wants to be here long-term.",https://reddit.com/r/motorcitykitties/comments/1oatofx/jeff_seidelaj_hinch_is_committed_to_the_detroit/nkc9aag/,2025-10-19T17:32:14+00:00
player,A. J. Hinch,A. J. Hinch,reddit_comment,motorcitykitties,ReflectionCalm7033,I like that he's obsessed with this team. There is nothing lazy about him.,https://reddit.com/r/motorcitykitties/comments/1oatofx/jeff_seidelaj_hinch_is_committed_to_the_detroit/nkf47lw/,2025-10-20T02:56:21+00:00
player,A. J. Hinch,A. J. Hinch,reddit_comment,motorcitykitties,anotherspinster,"Love AJ. And also, yes. More bunting please. It will stop my dad from yelling at the tv every time there are two on and no outs.",https://reddit.com/r/motorcitykitties/comments/1oatofx/jeff_seidelaj_hinch_is_committed_to_the_detroit/nkbwaii/,2025-10-19T16:30:32+00:00
player,A. J. Hinch,A. J. Hinch,reddit_comment,motorcitykitties,ChanceStaff6813,Hinch is a good manager. Making the alds two years in a row is impressive considering how mediocre the roster really is.,https://reddit.com/r/motorcitykitties/comments/1oatofx/jeff_seidelaj_hinch_is_committed_to_the_detroit/nken5vs/,2025-10-20T01:06:21+00:00
player,A. J. Hinch,A. J. Hinch,reddit_comment,motorcitykitties,EvilLibrarians,I like AJ and support em,https://reddit.com/r/motorcitykitties/comments/1oatofx/jeff_seidelaj_hinch_is_committed_to_the_detroit/nkc4rpc/,2025-10-19T17:11:33+00:00
player,A. J. Hinch,A. J. Hinch,reddit_comment,motorcitykitties,DetroitSportsGuy,"If only AJ had a time machine and access to this sub, the Tigers would never lose again. We have a bunch of people who always seem to know the right move to make. Of course they only know after the move that was made doesn't work, but that's where the time machine comes in.",https://reddit.com/r/motorcitykitties/comments/1oatofx/jeff_seidelaj_hinch_is_committed_to_the_detroit/nkcv5nh/,2025-10-19T19:16:01+00:00
player,A. J. Hinch,A. J. Hinch,reddit_comment,motorcitykitties,Smart-Chain-5157,Love aj 100 percent support for him,https://reddit.com/r/motorcitykitties/comments/1oatofx/jeff_seidelaj_hinch_is_committed_to_the_detroit/nkd1wc5/,2025-10-19T19:48:33+00:00
player,A. J. Hinch,A. J. Hinch,reddit_comment,motorcitykitties,TheSyde,That's fine but Chris illitch committed to spending $ to have a team to coach,https://reddit.com/r/motorcitykitties/comments/1oatofx/jeff_seidelaj_hinch_is_committed_to_the_detroit/nkd5tzz/,2025-10-19T20:07:51+00:00
player,A. J. Hinch,A. J. Hinch,reddit_post,motorcitykitties,no_one_canoe,Postseason Managerial Report Cards: Aaron Boone and A.J. Hinch (FanGraphs),https://reddit.com/r/motorcitykitties/comments/1o7o9cm/postseason_managerial_report_cards_aaron_boone/,2025-10-15T21:46:53+00:00
player,A. J. Hinch,A. J. Hinch,reddit_comment,motorcitykitties,1Leoski,"If you don’t feel like reading this AJ gets an A+ for not pinch hitting for Kerry, despite unfavorable platoon splits. And somehow he retains this A+ grade for refusing to pinch hit for anyone else in the lineup, even if they had no hits for the entire game.",https://reddit.com/r/motorcitykitties/comments/1o7o9cm/postseason_managerial_report_cards_aaron_boone/njp4lgz/,2025-10-15T22:09:27+00:00
player,A. J. Hinch,A. J. Hinch,reddit_comment,motorcitykitties,LADetroiter,"Awesome, thanks for the link. Good read for sure. I agree with the writer mostly. Didn't leave the starters in long enough, overworked the bullpen. Pitching Vest in game 4 in the 9th with a 6 run lead. I was very surprised. Still not sure if Skubal came out on game 5 on his own or did Hinch pull him? Pitching that 7th inning would have been huge. Hitting, I didn't like some decisions, using Perez so much early in the playoff games, having him hit 3rd when he was struggling so much.",https://reddit.com/r/motorcitykitties/comments/1o7o9cm/postseason_managerial_report_cards_aaron_boone/njp64hm/,2025-10-15T22:18:27+00:00
player,A. J. Hinch,A. J. Hinch,reddit_comment,motorcitykitties,fatalmedia,Can anyone explain to me why Hinch used Kahnle in the ill-fated game 5? I’m no expert but it felt a bit like self immolation. Why not use someone else? Was there no one else? Is it Hinch “believing in his guys” to a fault?,https://reddit.com/r/motorcitykitties/comments/1o7o9cm/postseason_managerial_report_cards_aaron_boone/njvyd8a/,2025-10-17T00:08:23+00:00
player,A. J. Hinch,A. J. Hinch,reddit_comment,motorcitykitties,couchdog27,this guy also thought it was a good idea to never pitch hit for a slumping Riley Greene,https://reddit.com/r/motorcitykitties/comments/1o7o9cm/postseason_managerial_report_cards_aaron_boone/njpsov4/,2025-10-16T00:29:37+00:00
